Province,pm25_urban,pm25_rural
Beijing,106.33333333333333,0
Shanghai,19.0,0
Guangdong,11.5055,0
Sichuan,49.0,0
Henan,104.5,0
Shandong,184.16666666666666,0
Qinghai,284.3333333333333,0
Gansu,106.83333333333333,0
