Province,pm25_urban,pm25_rural
Beijing,106.33333333333333,
Shanghai,19.0,
Guangdong,11.5055,
Sichuan,49.0,
Henan,104.5,
Shandong,148.83333333333334,
Qinghai,284.3333333333333,
Gansu,106.83333333333333,
